service_date,trip_id,stop_id,route_id,route_short_name,stop_sequence,stops_ahead,arrival_delay_s,departure_delay_s,schedule_relationship,observed_at_utc
2026-09-06,145C.442.149.2.A.8.91067474,2000336,NSN_1a,T1,-1,0,0,0,SCHEDULED,2026-09-05T19:29:03.374542+00:00
2026-09-06,145C.442.149.2.A.8.91067474,2000393,NSN_1a,T1,-1,1,0,0,SCHEDULED,2026-09-05T19:29:03.374542+00:00
2026-09-06,145C.442.149.2.A.8.91067474,2000404,NSN_1a,T1,-1,2,0,0,SCHEDULED,2026-09-05T19:29:03.374542+00:00
2026-09-06,652B.442.149.2.T.8.91442245,2000344,ESI_2a,T4,-1,0,26,0,SCHEDULED,2026-09-05T19:29:03.374542+00:00
2026-09-06,652B.442.149.2.T.8.91442245,2000395,ESI_2a,T4,-1,1,0,0,SCHEDULED,2026-09-05T19:29:03.374542+00:00
2026-09-06,652B.442.149.2.T.8.91442245,2000362,ESI_2a,T4,-1,2,0,0,SCHEDULED,2026-09-05T19:29:03.374542+00:00
2026-09-06,104E.442.149.2.T.8.91064892,2015134,WST_1a,T1,-1,0,0,0,SCHEDULED,2026-09-05T19:29:03.374542+00:00
2026-09-06,104E.442.149.2.T.8.91064892,2135236,WST_1a,T1,-1,1,0,0,SCHEDULED,2026-09-05T19:29:03.374542+00:00
2026-09-06,104E.442.149.2.T.8.91064892,2141314,WST_1a,T1,-1,2,0,0,SCHEDULED,2026-09-05T19:29:03.374542+00:00
2026-09-06,105D.442.149.2.T.8.91235679,2000336,NSN_1a,T1,-1,0,0,0,SCHEDULED,2026-09-05T19:29:03.374542+00:00
2026-09-06,105D.442.149.2.T.8.91235679,2000393,NSN_1a,T1,-1,1,0,0,SCHEDULED,2026-09-05T19:29:03.374542+00:00
2026-09-06,105D.442.149.2.T.8.91235679,2000404,NSN_1a,T1,-1,2,0,0,SCHEDULED,2026-09-05T19:29:03.374542+00:00
2026-09-06,122B.442.149.2.A.8.91235516,2060112,NSN_1a,T1,-1,0,0,0,SCHEDULED,2026-09-05T19:29:03.374542+00:00
2026-09-06,122B.442.149.2.A.8.91235516,2065162,NSN_1a,T1,-1,1,0,0,SCHEDULED,2026-09-05T19:29:03.374542+00:00
2026-09-06,122B.442.149.2.A.8.91235516,2065153,NSN_1a,T1,-1,2,0,0,SCHEDULED,2026-09-05T19:29:03.374542+00:00
2026-09-06,146B.442.149.2.A.8.91066476,2770591,WST_2c,T1,-1,0,0,0,SCHEDULED,2026-09-05T19:29:03.374542+00:00
2026-09-06,146B.442.149.2.A.8.91066476,2766141,WST_2c,T1,-1,1,0,0,SCHEDULED,2026-09-05T19:29:03.374542+00:00
2026-09-06,146B.442.149.2.A.8.91066476,2767121,WST_2c,T1,-1,2,0,0,SCHEDULED,2026-09-05T19:29:03.374542+00:00
2026-09-06,163Z.442.149.128.A.8.91067481,2750511,WST_1a,T1,-1,0,0,-350,SCHEDULED,2026-09-05T19:29:03.374542+00:00
2026-09-06,138A.442.149.2.A.8.91064813,206141,NSN_2i,T1,-1,0,19,19,SCHEDULED,2026-09-05T19:29:03.374542+00:00
2026-09-06,138A.442.149.2.A.8.91064813,2000403,NSN_2i,T1,-1,1,19,7,SCHEDULED,2026-09-05T19:29:03.374542+00:00
2026-09-06,138A.442.149.2.A.8.91064813,2000392,NSN_2i,T1,-1,2,7,0,SCHEDULED,2026-09-05T19:29:03.374542+00:00
2026-09-06,123B.442.149.2.A.8.91064743,2000336,NSN_1a,T1,-1,0,0,0,SCHEDULED,2026-09-05T19:29:03.374542+00:00
2026-09-06,123B.442.149.2.A.8.91064743,2000393,NSN_1a,T1,-1,1,0,0,SCHEDULED,2026-09-05T19:29:03.374542+00:00
2026-09-06,123B.442.149.2.A.8.91064743,2000404,NSN_1a,T1,-1,2,0,0,SCHEDULED,2026-09-05T19:29:03.374542+00:00
2026-09-06,142C.442.149.2.A.8.91065039,2000404,NSN_1a,T1,-1,0,14,0,SCHEDULED,2026-09-05T19:29:03.374542+00:00
2026-09-06,142C.442.149.2.A.8.91065039,206142,NSN_1a,T1,-1,1,0,0,SCHEDULED,2026-09-05T19:29:03.374542+00:00
2026-09-06,142C.442.149.2.A.8.91065039,2060104,NSN_1a,T1,-1,2,0,0,SCHEDULED,2026-09-05T19:29:03.374542+00:00
2026-09-06,652A.442.149.2.T.8.91442229,2000345,ESI_1a,T4,-1,0,656,416,SCHEDULED,2026-09-05T19:29:03.374542+00:00
2026-09-06,103C.442.149.2.T.8.91221488,2750511,WST_2c,T1,-1,0,0,0,SCHEDULED,2026-09-05T19:29:03.374542+00:00
2026-09-06,103C.442.149.2.T.8.91221488,2747361,WST_2c,T1,-1,1,0,0,SCHEDULED,2026-09-05T19:29:03.374542+00:00
2026-09-06,103C.442.149.2.T.8.91221488,2747371,WST_2c,T1,-1,2,0,0,SCHEDULED,2026-09-05T19:29:03.374542+00:00
2026-09-06,196C.442.149.2.B.8.91067146,2065153,NSN_1a,T1,-1,0,0,0,SCHEDULED,2026-09-05T19:29:03.374542+00:00
2026-09-06,196C.442.149.2.B.8.91067146,206452,NSN_1a,T1,-1,1,0,0,SCHEDULED,2026-09-05T19:29:03.374542+00:00
2026-09-06,196C.442.149.2.B.8.91067146,2067144,NSN_1a,T1,-1,2,0,0,SCHEDULED,2026-09-05T19:29:03.374542+00:00
2026-09-06,656W.442.149.128.T.8.91475776,202291,ESI_2a,T4,-1,0,0,0,SCHEDULED,2026-09-05T19:29:03.374542+00:00
2026-09-06,650A.442.149.2.T.8.91442227,2000345,ESI_1a,T4,-1,0,97,1070,SCHEDULED,2026-09-05T19:29:03.374542+00:00
2026-09-06,143C.442.149.2.A.8.91066058,2142314,WST_2c,T1,-1,0,0,0,SCHEDULED,2026-09-05T19:29:03.374542+00:00
2026-09-06,143C.442.149.2.A.8.91066058,2144243,WST_2c,T1,-1,1,0,0,SCHEDULED,2026-09-05T19:29:03.374542+00:00
2026-09-06,143C.442.149.2.A.8.91066058,2141313,WST_2c,T1,-1,2,0,0,SCHEDULED,2026-09-05T19:29:03.374542+00:00
2026-09-06,659C.442.149.2.T.8.91442250,202291,ESI_1a,T4,-1,0,1129,289,SCHEDULED,2026-09-05T19:29:03.374542+00:00
2026-09-06,659C.442.149.2.T.8.91442250,202761,ESI_1a,T4,-1,1,289,289,SCHEDULED,2026-09-05T19:29:03.374542+00:00
2026-09-06,659C.442.149.2.T.8.91442250,201171,ESI_1a,T4,-1,2,289,289,SCHEDULED,2026-09-05T19:29:03.374542+00:00
2026-09-06,146C.442.149.2.A.8.91066008,2000336,NSN_1a,T1,-1,0,0,0,SCHEDULED,2026-09-05T19:29:03.374542+00:00
2026-09-06,146C.442.149.2.A.8.91066008,2000393,NSN_1a,T1,-1,1,0,0,SCHEDULED,2026-09-05T19:29:03.374542+00:00
2026-09-06,146C.442.149.2.A.8.91066008,2000404,NSN_1a,T1,-1,2,0,0,SCHEDULED,2026-09-05T19:29:03.374542+00:00
2026-09-06,143D.442.149.2.A.8.91066057,2000336,NSN_1a,T1,-1,0,0,0,SCHEDULED,2026-09-05T19:29:03.374542+00:00
2026-09-06,143D.442.149.2.A.8.91066057,2000393,NSN_1a,T1,-1,1,0,0,SCHEDULED,2026-09-05T19:29:03.374542+00:00
2026-09-06,143D.442.149.2.A.8.91066057,2000404,NSN_1a,T1,-1,2,0,0,SCHEDULED,2026-09-05T19:29:03.374542+00:00
2026-09-06,120Y.442.149.128.A.8.91066776,2077302,NSN_1a,T1,-1,0,0,0,SCHEDULED,2026-09-05T19:29:03.374542+00:00
2026-09-06,659B.442.149.2.T.8.91442234,2000344,ESI_2a,T4,-1,0,1249,1159,SCHEDULED,2026-09-05T19:29:03.374542+00:00
2026-09-06,659B.442.149.2.T.8.91442234,2000395,ESI_2a,T4,-1,1,1159,1129,SCHEDULED,2026-09-05T19:29:03.374542+00:00
2026-09-06,659B.442.149.2.T.8.91442234,2000362,ESI_2a,T4,-1,2,1129,1129,SCHEDULED,2026-09-05T19:29:03.374542+00:00
2026-09-06,144B.442.149.2.A.8.91065238,2000336,NSN_1a,T1,-1,0,221,191,SCHEDULED,2026-09-05T19:29:03.374542+00:00
2026-09-06,144B.442.149.2.A.8.91065238,2000393,NSN_1a,T1,-1,1,191,161,SCHEDULED,2026-09-05T19:29:03.374542+00:00
2026-09-06,144B.442.149.2.A.8.91065238,2000404,NSN_1a,T1,-1,2,161,143,SCHEDULED,2026-09-05T19:29:03.374542+00:00
2026-09-06,147A.442.149.2.A.8.91066982,2747361,WST_2c,T1,-1,0,0,0,SCHEDULED,2026-09-05T19:29:03.374542+00:00
2026-09-06,147A.442.149.2.A.8.91066982,2747371,WST_2c,T1,-1,1,0,0,SCHEDULED,2026-09-05T19:29:03.374542+00:00
2026-09-06,147A.442.149.2.A.8.91066982,2760302,WST_2c,T1,-1,2,0,0,SCHEDULED,2026-09-05T19:29:03.374542+00:00
2026-09-06,655B.442.149.2.T.8.91442239,2000361,ESI_1a,T4,-1,0,0,230,SCHEDULED,2026-09-05T19:29:03.374542+00:00
2026-09-06,655B.442.149.2.T.8.91442239,2000394,ESI_1a,T4,-1,1,230,200,SCHEDULED,2026-09-05T19:29:03.374542+00:00
2026-09-06,655B.442.149.2.T.8.91442239,2000345,ESI_1a,T4,-1,2,200,0,SCHEDULED,2026-09-05T19:29:03.374542+00:00
2026-09-06,650B.442.149.2.T.8.91442241,2000344,ESI_2a,T4,-1,0,680,590,SCHEDULED,2026-09-05T19:29:03.374542+00:00
2026-09-06,650B.442.149.2.T.8.91442241,2000395,ESI_2a,T4,-1,1,590,560,SCHEDULED,2026-09-05T19:29:03.374542+00:00
2026-09-06,650B.442.149.2.T.8.91442241,2000362,ESI_2a,T4,-1,2,560,560,SCHEDULED,2026-09-05T19:29:03.374542+00:00
2026-09-06,145K.442.149.2.A.8.91684743,2750511,WST_2c,T1,-1,0,0,0,SCHEDULED,2026-09-05T19:29:03.374542+00:00
2026-09-06,145K.442.149.2.A.8.91684743,2747361,WST_2c,T1,-1,1,0,0,SCHEDULED,2026-09-05T19:29:03.374542+00:00
2026-09-06,145K.442.149.2.A.8.91684743,2747371,WST_2c,T1,-1,2,0,0,SCHEDULED,2026-09-05T19:29:03.374542+00:00
2026-09-06,105W.442.149.2.T.8.91067359,2000336,NSN_1a,T1,-1,0,0,0,SCHEDULED,2026-09-05T19:29:03.374542+00:00
2026-09-06,105W.442.149.2.T.8.91067359,2000393,NSN_1a,T1,-1,1,0,0,SCHEDULED,2026-09-05T19:29:03.374542+00:00
2026-09-06,105W.442.149.2.T.8.91067359,2000404,NSN_1a,T1,-1,2,0,0,SCHEDULED,2026-09-05T19:29:03.374542+00:00
2026-09-06,101F.442.149.2.T.8.91285873,2000338,WST_1a,T1,-1,0,0,0,SCHEDULED,2026-09-05T19:29:03.374542+00:00
2026-09-06,101F.442.149.2.T.8.91285873,2015134,WST_1a,T1,-1,1,0,0,SCHEDULED,2026-09-05T19:29:03.374542+00:00
2026-09-06,101F.442.149.2.T.8.91285873,2135236,WST_1a,T1,-1,2,0,0,SCHEDULED,2026-09-05T19:29:03.374542+00:00
2026-09-06,182Y.442.149.2.A.8.91064831,2060103,NSN_2a,T1,-1,0,0,,SCHEDULED,2026-09-05T19:29:03.374542+00:00
2026-09-06,182Y.442.149.2.A.8.91064831,2000338,NSN_2a,T1,-1,1,0,,SCHEDULED,2026-09-05T19:29:03.374542+00:00
2026-09-06,147F.442.149.2.A.8.91395399,2000336,NSN_1a,T1,-1,0,0,0,SCHEDULED,2026-09-05T19:29:03.374542+00:00
2026-09-06,147F.442.149.2.A.8.91395399,2000393,NSN_1a,T1,-1,1,0,0,SCHEDULED,2026-09-05T19:29:03.374542+00:00
2026-09-06,147F.442.149.2.A.8.91395399,2000404,NSN_1a,T1,-1,2,0,0,SCHEDULED,2026-09-05T19:29:03.374542+00:00
2026-09-06,139H.442.149.2.A.8.91065274,2000336,NSN_1a,T1,-1,0,0,0,SCHEDULED,2026-09-05T19:29:03.374542+00:00
2026-09-06,139H.442.149.2.A.8.91065274,2000393,NSN_1a,T1,-1,1,0,0,SCHEDULED,2026-09-05T19:29:03.374542+00:00
2026-09-06,139H.442.149.2.A.8.91065274,2000404,NSN_1a,T1,-1,2,0,0,SCHEDULED,2026-09-05T19:29:03.374542+00:00
2026-09-06,142J.442.149.2.A.8.91065251,2000338,WST_1a,T1,-1,0,0,0,SCHEDULED,2026-09-05T19:29:03.374542+00:00
2026-09-06,142J.442.149.2.A.8.91065251,2015134,WST_1a,T1,-1,1,0,0,SCHEDULED,2026-09-05T19:29:03.374542+00:00
2026-09-06,142J.442.149.2.A.8.91065251,2135236,WST_1a,T1,-1,2,0,0,SCHEDULED,2026-09-05T19:29:03.374542+00:00
2026-09-06,139C.442.149.2.A.8.91235545,2750512,WST_2c,T1,-1,0,0,0,SCHEDULED,2026-09-05T19:29:03.374542+00:00
2026-09-06,139C.442.149.2.A.8.91235545,2747361,WST_2c,T1,-1,1,0,0,SCHEDULED,2026-09-05T19:29:03.374542+00:00
2026-09-06,139C.442.149.2.A.8.91235545,2747371,WST_2c,T1,-1,2,0,0,SCHEDULED,2026-09-05T19:29:03.374542+00:00
2026-09-06,144H.442.149.2.A.8.91550597,2000338,WST_1a,T1,-1,0,0,0,SCHEDULED,2026-09-05T19:29:03.374542+00:00
2026-09-06,144H.442.149.2.A.8.91550597,2015134,WST_1a,T1,-1,1,0,0,SCHEDULED,2026-09-05T19:29:03.374542+00:00
2026-09-06,144H.442.149.2.A.8.91550597,2135236,WST_1a,T1,-1,2,0,0,SCHEDULED,2026-09-05T19:29:03.374542+00:00
2026-09-06,147D.442.149.2.A.8.91235624,2000338,WST_1a,T1,-1,0,0,0,SCHEDULED,2026-09-05T19:29:03.374542+00:00
2026-09-06,147D.442.149.2.A.8.91235624,2015134,WST_1a,T1,-1,1,0,0,SCHEDULED,2026-09-05T19:29:03.374542+00:00
2026-09-06,147D.442.149.2.A.8.91235624,2135236,WST_1a,T1,-1,2,0,0,SCHEDULED,2026-09-05T19:29:03.374542+00:00
2026-09-06,190B.442.149.2.B.8.91064918,2000336,NSN_1a,T1,-1,0,0,0,SCHEDULED,2026-09-05T19:29:03.374542+00:00
2026-09-06,190B.442.149.2.B.8.91064918,2000393,NSN_1a,T1,-1,1,0,0,SCHEDULED,2026-09-05T19:29:03.374542+00:00
2026-09-06,190B.442.149.2.B.8.91064918,2000404,NSN_1a,T1,-1,2,0,0,SCHEDULED,2026-09-05T19:29:03.374542+00:00
2026-09-06,196N.442.149.2.B.8.91067329,2000338,WST_1a,T1,-1,0,0,0,SCHEDULED,2026-09-05T19:29:03.374542+00:00
2026-09-06,196N.442.149.2.B.8.91067329,2015134,WST_1a,T1,-1,1,0,0,SCHEDULED,2026-09-05T19:29:03.374542+00:00
2026-09-06,196N.442.149.2.B.8.91067329,2135236,WST_1a,T1,-1,2,0,0,SCHEDULED,2026-09-05T19:29:03.374542+00:00
2026-09-06,143M.442.149.2.A.8.91684500,2000336,NSN_1a,T1,-1,0,0,0,SCHEDULED,2026-09-05T19:29:03.374542+00:00
2026-09-06,143M.442.149.2.A.8.91684500,2000393,NSN_1a,T1,-1,1,0,0,SCHEDULED,2026-09-05T19:29:03.374542+00:00
2026-09-06,143M.442.149.2.A.8.91684500,2000404,NSN_1a,T1,-1,2,0,0,SCHEDULED,2026-09-05T19:29:03.374542+00:00
2026-09-06,195J.442.149.2.B.8.91066536,2750512,WST_2c,T1,-1,0,0,0,SCHEDULED,2026-09-05T19:29:03.374542+00:00
2026-09-06,195J.442.149.2.B.8.91066536,2747361,WST_2c,T1,-1,1,0,0,SCHEDULED,2026-09-05T19:29:03.374542+00:00
2026-09-06,195J.442.149.2.B.8.91066536,2747371,WST_2c,T1,-1,2,0,0,SCHEDULED,2026-09-05T19:29:03.374542+00:00
2026-09-06,145F.442.149.2.A.8.91278213,2750512,WST_2c,T1,-1,0,0,0,SCHEDULED,2026-09-05T19:29:03.374542+00:00
2026-09-06,145F.442.149.2.A.8.91278213,2747361,WST_2c,T1,-1,1,0,0,SCHEDULED,2026-09-05T19:29:03.374542+00:00
2026-09-06,145F.442.149.2.A.8.91278213,2747371,WST_2c,T1,-1,2,0,0,SCHEDULED,2026-09-05T19:29:03.374542+00:00
2026-09-06,103K.442.149.2.T.8.91067590,2000338,WST_1a,T1,-1,0,0,0,SCHEDULED,2026-09-05T19:29:03.374542+00:00
2026-09-06,103K.442.149.2.T.8.91067590,2015134,WST_1a,T1,-1,1,0,0,SCHEDULED,2026-09-05T19:29:03.374542+00:00
2026-09-06,103K.442.149.2.T.8.91067590,2135236,WST_1a,T1,-1,2,0,0,SCHEDULED,2026-09-05T19:29:03.374542+00:00
2026-09-06,196J.442.149.2.B.8.91318546,2000338,WST_1a,T1,-1,0,0,0,SCHEDULED,2026-09-05T19:29:03.374542+00:00
2026-09-06,196J.442.149.2.B.8.91318546,2015134,WST_1a,T1,-1,1,0,0,SCHEDULED,2026-09-05T19:29:03.374542+00:00
2026-09-06,196J.442.149.2.B.8.91318546,2135236,WST_1a,T1,-1,2,0,0,SCHEDULED,2026-09-05T19:29:03.374542+00:00
2026-09-06,144M.442.149.2.A.8.91684505,2000338,WST_1a,T1,-1,0,0,0,SCHEDULED,2026-09-05T19:29:03.374542+00:00
2026-09-06,144M.442.149.2.A.8.91684505,2015134,WST_1a,T1,-1,1,0,0,SCHEDULED,2026-09-05T19:29:03.374542+00:00
2026-09-06,144M.442.149.2.A.8.91684505,2135236,WST_1a,T1,-1,2,0,0,SCHEDULED,2026-09-05T19:29:03.374542+00:00
2026-09-06,137F.442.149.2.A.8.91287419,2000338,WST_1a,T1,-1,0,0,0,SCHEDULED,2026-09-05T19:29:03.374542+00:00
2026-09-06,137F.442.149.2.A.8.91287419,2015134,WST_1a,T1,-1,1,0,0,SCHEDULED,2026-09-05T19:29:03.374542+00:00
2026-09-06,137F.442.149.2.A.8.91287419,2135236,WST_1a,T1,-1,2,0,0,SCHEDULED,2026-09-05T19:29:03.374542+00:00
2026-09-06,139G.442.149.2.A.8.91065275,2750511,WST_2c,T1,-1,0,0,0,SCHEDULED,2026-09-05T19:29:03.374542+00:00
2026-09-06,139G.442.149.2.A.8.91065275,2747361,WST_2c,T1,-1,1,0,0,SCHEDULED,2026-09-05T19:29:03.374542+00:00
2026-09-06,139G.442.149.2.A.8.91065275,2747371,WST_2c,T1,-1,2,0,0,SCHEDULED,2026-09-05T19:29:03.374542+00:00
2026-09-06,139K.442.149.2.A.8.91066968,2000338,WST_1a,T1,-1,0,0,0,SCHEDULED,2026-09-05T19:29:03.374542+00:00
2026-09-06,139K.442.149.2.A.8.91066968,2015134,WST_1a,T1,-1,1,0,0,SCHEDULED,2026-09-05T19:29:03.374542+00:00
2026-09-06,139K.442.149.2.A.8.91066968,2135236,WST_1a,T1,-1,2,0,0,SCHEDULED,2026-09-05T19:29:03.374542+00:00
2026-09-06,145J.442.149.2.A.8.91684742,2000338,WST_1a,T1,-1,0,0,0,SCHEDULED,2026-09-05T19:29:03.374542+00:00
2026-09-06,145J.442.149.2.A.8.91684742,2015134,WST_1a,T1,-1,1,0,0,SCHEDULED,2026-09-05T19:29:03.374542+00:00
2026-09-06,145J.442.149.2.A.8.91684742,2135236,WST_1a,T1,-1,2,0,0,SCHEDULED,2026-09-05T19:29:03.374542+00:00
2026-09-06,101M.442.149.2.T.8.91064741,2000336,NSN_1a,T1,-1,0,0,0,SCHEDULED,2026-09-05T19:29:03.374542+00:00
2026-09-06,101M.442.149.2.T.8.91064741,2000393,NSN_1a,T1,-1,1,0,0,SCHEDULED,2026-09-05T19:29:03.374542+00:00
2026-09-06,101M.442.149.2.T.8.91064741,2000404,NSN_1a,T1,-1,2,0,0,SCHEDULED,2026-09-05T19:29:03.374542+00:00
2026-09-06,104N.442.149.2.T.8.91684410,2000338,WST_1a,T1,-1,0,0,0,SCHEDULED,2026-09-05T19:29:03.374542+00:00
2026-09-06,104N.442.149.2.T.8.91684410,2015134,WST_1a,T1,-1,1,0,0,SCHEDULED,2026-09-05T19:29:03.374542+00:00
2026-09-06,104N.442.149.2.T.8.91684410,2135236,WST_1a,T1,-1,2,0,0,SCHEDULED,2026-09-05T19:29:03.374542+00:00
2026-09-06,137K.442.149.2.A.8.91684683,2000338,WST_1a,T1,-1,0,0,0,SCHEDULED,2026-09-05T19:29:03.374542+00:00
2026-09-06,137K.442.149.2.A.8.91684683,2015134,WST_1a,T1,-1,1,0,0,SCHEDULED,2026-09-05T19:29:03.374542+00:00
2026-09-06,137K.442.149.2.A.8.91684683,2135236,WST_1a,T1,-1,2,0,0,SCHEDULED,2026-09-05T19:29:03.374542+00:00
2026-09-06,146E.442.149.2.A.8.91235461,2000338,WST_1a,T1,-1,0,0,0,SCHEDULED,2026-09-05T19:29:03.374542+00:00
2026-09-06,146E.442.149.2.A.8.91235461,2015134,WST_1a,T1,-1,1,0,0,SCHEDULED,2026-09-05T19:29:03.374542+00:00
2026-09-06,146E.442.149.2.A.8.91235461,2135236,WST_1a,T1,-1,2,0,0,SCHEDULED,2026-09-05T19:29:03.374542+00:00
2026-09-06,145L.442.149.2.A.8.91067493,2000336,NSN_1a,T1,-1,0,0,0,SCHEDULED,2026-09-05T19:29:03.374542+00:00
2026-09-06,145L.442.149.2.A.8.91067493,2000393,NSN_1a,T1,-1,1,0,0,SCHEDULED,2026-09-05T19:29:03.374542+00:00
2026-09-06,145L.442.149.2.A.8.91067493,2000404,NSN_1a,T1,-1,2,0,0,SCHEDULED,2026-09-05T19:29:03.374542+00:00
2026-09-06,145B.442.149.2.A.8.91067473,2145641,WST_2c,T1,-1,11,27,27,SCHEDULED,2026-09-05T19:29:03.374542+00:00
2026-09-06,145B.442.149.2.A.8.91067473,2145651,WST_2c,T1,-1,12,27,27,SCHEDULED,2026-09-05T19:29:03.374542+00:00
2026-09-06,145B.442.149.2.A.8.91067473,2145661,WST_2c,T1,-1,13,27,27,SCHEDULED,2026-09-05T19:29:03.374542+00:00
2026-09-06,145G.442.149.2.A.8.91395398,2000336,NSN_1a,T1,-1,0,0,0,SCHEDULED,2026-09-05T19:29:03.374542+00:00
2026-09-06,145G.442.149.2.A.8.91395398,2000393,NSN_1a,T1,-1,1,0,0,SCHEDULED,2026-09-05T19:29:03.374542+00:00
2026-09-06,145G.442.149.2.A.8.91395398,2000404,NSN_1a,T1,-1,2,0,0,SCHEDULED,2026-09-05T19:29:03.374542+00:00
2026-09-06,174Y.442.149.2.A.8.91064980,2060103,NSN_2a,T1,-1,0,0,,SCHEDULED,2026-09-05T19:29:03.374542+00:00
2026-09-06,174Y.442.149.2.A.8.91064980,2000403,NSN_2a,T1,-1,1,0,,SCHEDULED,2026-09-05T19:29:03.374542+00:00
2026-09-06,133P.442.149.2.A.8.91067195,2000336,NSN_1a,T1,-1,0,0,0,SCHEDULED,2026-09-05T19:29:03.374542+00:00
2026-09-06,133P.442.149.2.A.8.91067195,2000393,NSN_1a,T1,-1,1,0,0,SCHEDULED,2026-09-05T19:29:03.374542+00:00
2026-09-06,133P.442.149.2.A.8.91067195,2000404,NSN_1a,T1,-1,2,0,0,SCHEDULED,2026-09-05T19:29:03.374542+00:00
2026-09-06,196K.442.149.2.B.8.91066744,2750513,WST_2c,T1,-1,0,0,0,SCHEDULED,2026-09-05T19:29:03.374542+00:00
2026-09-06,196K.442.149.2.B.8.91066744,2747361,WST_2c,T1,-1,1,0,0,SCHEDULED,2026-09-05T19:29:03.374542+00:00
2026-09-06,196K.442.149.2.B.8.91066744,2747371,WST_2c,T1,-1,2,0,0,SCHEDULED,2026-09-05T19:29:03.374542+00:00
2026-09-06,146V.442.149.2.A.8.91067368,2000336,NSN_1a,T1,-1,0,0,0,SCHEDULED,2026-09-05T19:29:03.374542+00:00
2026-09-06,146V.442.149.2.A.8.91067368,2000393,NSN_1a,T1,-1,1,0,0,SCHEDULED,2026-09-05T19:29:03.374542+00:00
2026-09-06,146V.442.149.2.A.8.91067368,2000404,NSN_1a,T1,-1,2,0,0,SCHEDULED,2026-09-05T19:29:03.374542+00:00
2026-09-06,133B.442.149.2.A.8.91065502,2000336,NSN_1a,T1,-1,0,0,,SCHEDULED,2026-09-05T19:29:03.374542+00:00
2026-09-06,133B.442.149.2.A.8.91065502,2060102,NSN_1a,T1,-1,1,0,,SCHEDULED,2026-09-05T19:29:03.374542+00:00
2026-09-06,142G.442.149.2.A.8.91287636,2000336,NSN_1a,T1,-1,0,0,0,SCHEDULED,2026-09-05T19:29:03.374542+00:00
2026-09-06,142G.442.149.2.A.8.91287636,2000393,NSN_1a,T1,-1,1,0,0,SCHEDULED,2026-09-05T19:29:03.374542+00:00
2026-09-06,142G.442.149.2.A.8.91287636,2000404,NSN_1a,T1,-1,2,0,0,SCHEDULED,2026-09-05T19:29:03.374542+00:00
2026-09-06,139L.442.149.2.A.8.91066304,2750511,WST_2c,T1,-1,0,0,0,SCHEDULED,2026-09-05T19:29:03.374542+00:00
2026-09-06,139L.442.149.2.A.8.91066304,2747361,WST_2c,T1,-1,1,0,0,SCHEDULED,2026-09-05T19:29:03.374542+00:00
2026-09-06,139L.442.149.2.A.8.91066304,2747371,WST_2c,T1,-1,2,0,0,SCHEDULED,2026-09-05T19:29:03.374542+00:00
2026-09-06,103W.442.149.2.T.8.91065114,2000336,NSN_1a,T1,-1,0,0,0,SCHEDULED,2026-09-05T19:29:03.374542+00:00
2026-09-06,103W.442.149.2.T.8.91065114,2000393,NSN_1a,T1,-1,1,0,0,SCHEDULED,2026-09-05T19:29:03.374542+00:00
2026-09-06,103W.442.149.2.T.8.91065114,2000404,NSN_1a,T1,-1,2,0,0,SCHEDULED,2026-09-05T19:29:03.374542+00:00
2026-09-06,103L.442.149.2.T.8.91067914,2750512,WST_2c,T1,-1,0,0,0,SCHEDULED,2026-09-05T19:29:03.374542+00:00
2026-09-06,103L.442.149.2.T.8.91067914,2747361,WST_2c,T1,-1,1,0,0,SCHEDULED,2026-09-05T19:29:03.374542+00:00
2026-09-06,103L.442.149.2.T.8.91067914,2747371,WST_2c,T1,-1,2,0,0,SCHEDULED,2026-09-05T19:29:03.374542+00:00
2026-09-06,101G.442.149.2.T.8.91287473,2750511,WST_2c,T1,-1,0,0,0,SCHEDULED,2026-09-05T19:29:03.374542+00:00
2026-09-06,101G.442.149.2.T.8.91287473,2747361,WST_2c,T1,-1,1,0,0,SCHEDULED,2026-09-05T19:29:03.374542+00:00
2026-09-06,101G.442.149.2.T.8.91287473,2747371,WST_2c,T1,-1,2,0,0,SCHEDULED,2026-09-05T19:29:03.374542+00:00
2026-09-06,139D.442.149.2.A.8.91235622,2000336,NSN_1a,T1,-1,0,0,0,SCHEDULED,2026-09-05T19:29:03.374542+00:00
2026-09-06,139D.442.149.2.A.8.91235622,2000393,NSN_1a,T1,-1,1,0,0,SCHEDULED,2026-09-05T19:29:03.374542+00:00
2026-09-06,139D.442.149.2.A.8.91235622,2000404,NSN_1a,T1,-1,2,0,0,SCHEDULED,2026-09-05T19:29:03.374542+00:00
2026-09-06,147H.442.149.2.A.8.91550675,2000338,WST_1a,T1,-1,0,0,0,SCHEDULED,2026-09-05T19:29:03.374542+00:00
2026-09-06,147H.442.149.2.A.8.91550675,2015134,WST_1a,T1,-1,1,0,0,SCHEDULED,2026-09-05T19:29:03.374542+00:00
2026-09-06,147H.442.149.2.A.8.91550675,2135236,WST_1a,T1,-1,2,0,0,SCHEDULED,2026-09-05T19:29:03.374542+00:00
2026-09-06,143K.442.149.2.A.8.91550605,2000338,WST_1a,T1,-1,0,0,0,SCHEDULED,2026-09-05T19:29:03.374542+00:00
2026-09-06,143K.442.149.2.A.8.91550605,2015134,WST_1a,T1,-1,1,0,0,SCHEDULED,2026-09-05T19:29:03.374542+00:00
2026-09-06,143K.442.149.2.A.8.91550605,2135236,WST_1a,T1,-1,2,0,0,SCHEDULED,2026-09-05T19:29:03.374542+00:00
2026-09-06,137L.442.149.2.A.8.91684431,2750511,WST_2c,T1,-1,0,0,0,SCHEDULED,2026-09-05T19:29:03.374542+00:00
2026-09-06,137L.442.149.2.A.8.91684431,2747361,WST_2c,T1,-1,1,0,0,SCHEDULED,2026-09-05T19:29:03.374542+00:00
2026-09-06,137L.442.149.2.A.8.91684431,2747371,WST_2c,T1,-1,2,0,0,SCHEDULED,2026-09-05T19:29:03.374542+00:00
2026-09-06,138K.442.149.2.A.8.91684418,2000338,WST_1a,T1,-1,0,0,0,SCHEDULED,2026-09-05T19:29:03.374542+00:00
2026-09-06,138K.442.149.2.A.8.91684418,2015134,WST_1a,T1,-1,1,0,0,SCHEDULED,2026-09-05T19:29:03.374542+00:00
2026-09-06,138K.442.149.2.A.8.91684418,2135236,WST_1a,T1,-1,2,0,0,SCHEDULED,2026-09-05T19:29:03.374542+00:00
2026-09-06,101B.442.149.2.T.8.91066430,2145664,WST_1a,T1,-1,8,0,0,SCHEDULED,2026-09-05T19:29:03.374542+00:00
2026-09-06,101B.442.149.2.T.8.91066430,2145654,WST_1a,T1,-1,9,0,0,SCHEDULED,2026-09-05T19:29:03.374542+00:00
2026-09-06,101B.442.149.2.T.8.91066430,2145644,WST_1a,T1,-1,10,0,0,SCHEDULED,2026-09-05T19:29:03.374542+00:00
2026-09-06,142P.442.149.2.A.8.91685848,2750511,WST_2c,T1,-1,0,0,0,SCHEDULED,2026-09-05T19:29:03.374542+00:00
2026-09-06,142P.442.149.2.A.8.91685848,2747361,WST_2c,T1,-1,1,0,0,SCHEDULED,2026-09-05T19:29:03.374542+00:00
2026-09-06,142P.442.149.2.A.8.91685848,2747371,WST_2c,T1,-1,2,0,0,SCHEDULED,2026-09-05T19:29:03.374542+00:00
2026-09-06,146J.442.149.2.A.8.91067671,2000338,WST_1a,T1,-1,0,0,0,SCHEDULED,2026-09-05T19:29:03.374542+00:00
2026-09-06,146J.442.149.2.A.8.91067671,2015134,WST_1a,T1,-1,1,0,0,SCHEDULED,2026-09-05T19:29:03.374542+00:00
2026-09-06,146J.442.149.2.A.8.91067671,2135236,WST_1a,T1,-1,2,0,0,SCHEDULED,2026-09-05T19:29:03.374542+00:00
2026-09-06,147U.442.149.2.A.8.91065087,2000336,NSN_1a,T1,-1,0,0,0,SCHEDULED,2026-09-05T19:29:03.374542+00:00
2026-09-06,147U.442.149.2.A.8.91065087,2000393,NSN_1a,T1,-1,1,0,0,SCHEDULED,2026-09-05T19:29:03.374542+00:00
2026-09-06,147U.442.149.2.A.8.91065087,2000404,NSN_1a,T1,-1,2,0,0,SCHEDULED,2026-09-05T19:29:03.374542+00:00
2026-09-06,142E.442.149.2.A.8.91221552,2000338,WST_1a,T1,-1,0,0,0,SCHEDULED,2026-09-05T19:29:03.374542+00:00
2026-09-06,142E.442.149.2.A.8.91221552,2015134,WST_1a,T1,-1,1,0,0,SCHEDULED,2026-09-05T19:29:03.374542+00:00
2026-09-06,142E.442.149.2.A.8.91221552,2135236,WST_1a,T1,-1,2,0,0,SCHEDULED,2026-09-05T19:29:03.374542+00:00
2026-09-06,144K.442.149.2.A.8.91684494,2000336,NSN_1a,T1,-1,0,0,0,SCHEDULED,2026-09-05T19:29:03.374542+00:00
2026-09-06,144K.442.149.2.A.8.91684494,2000393,NSN_1a,T1,-1,1,0,0,SCHEDULED,2026-09-05T19:29:03.374542+00:00
2026-09-06,144K.442.149.2.A.8.91684494,2000404,NSN_1a,T1,-1,2,0,0,SCHEDULED,2026-09-05T19:29:03.374542+00:00
2026-09-06,133N.442.149.2.A.8.91684693,2750511,WST_2c,T1,-1,0,0,0,SCHEDULED,2026-09-05T19:29:03.374542+00:00
2026-09-06,133N.442.149.2.A.8.91684693,2747361,WST_2c,T1,-1,1,0,0,SCHEDULED,2026-09-05T19:29:03.374542+00:00
2026-09-06,133N.442.149.2.A.8.91684693,2747371,WST_2c,T1,-1,2,0,0,SCHEDULED,2026-09-05T19:29:03.374542+00:00
2026-09-06,103G.442.149.2.T.8.91281832,2750511,WST_2c,T1,-1,0,0,0,SCHEDULED,2026-09-05T19:29:03.374542+00:00
2026-09-06,103G.442.149.2.T.8.91281832,2747361,WST_2c,T1,-1,1,0,0,SCHEDULED,2026-09-05T19:29:03.374542+00:00
2026-09-06,103G.442.149.2.T.8.91281832,2747371,WST_2c,T1,-1,2,0,0,SCHEDULED,2026-09-05T19:29:03.374542+00:00
2026-09-06,133J.442.149.2.A.8.91066185,2750512,WST_2c,T1,-1,0,0,0,SCHEDULED,2026-09-05T19:29:03.374542+00:00
2026-09-06,133J.442.149.2.A.8.91066185,2747361,WST_2c,T1,-1,1,0,0,SCHEDULED,2026-09-05T19:29:03.374542+00:00
2026-09-06,133J.442.149.2.A.8.91066185,2747371,WST_2c,T1,-1,2,0,0,SCHEDULED,2026-09-05T19:29:03.374542+00:00
2026-09-06,142F.442.149.2.A.8.91235687,2750513,WST_2c,T1,-1,0,0,0,SCHEDULED,2026-09-05T19:29:03.374542+00:00
2026-09-06,142F.442.149.2.A.8.91235687,2747361,WST_2c,T1,-1,1,0,0,SCHEDULED,2026-09-05T19:29:03.374542+00:00
2026-09-06,142F.442.149.2.A.8.91235687,2747371,WST_2c,T1,-1,2,0,0,SCHEDULED,2026-09-05T19:29:03.374542+00:00
2026-09-06,143H.442.149.2.A.8.91395396,2000336,NSN_1a,T1,-1,0,0,0,SCHEDULED,2026-09-05T19:29:03.374542+00:00
2026-09-06,143H.442.149.2.A.8.91395396,2000393,NSN_1a,T1,-1,1,0,0,SCHEDULED,2026-09-05T19:29:03.374542+00:00
2026-09-06,143H.442.149.2.A.8.91395396,2000404,NSN_1a,T1,-1,2,0,0,SCHEDULED,2026-09-05T19:29:03.374542+00:00
2026-09-06,138L.442.149.2.A.8.91684419,2750511,WST_2c,T1,-1,0,0,0,SCHEDULED,2026-09-05T19:29:03.374542+00:00
2026-09-06,138L.442.149.2.A.8.91684419,2747361,WST_2c,T1,-1,1,0,0,SCHEDULED,2026-09-05T19:29:03.374542+00:00
2026-09-06,138L.442.149.2.A.8.91684419,2747371,WST_2c,T1,-1,2,0,0,SCHEDULED,2026-09-05T19:29:03.374542+00:00
2026-09-06,144D.442.149.2.A.8.91221619,2000338,WST_1a,T1,-1,0,0,0,SCHEDULED,2026-09-05T19:29:03.374542+00:00
2026-09-06,144D.442.149.2.A.8.91221619,2015134,WST_1a,T1,-1,1,0,0,SCHEDULED,2026-09-05T19:29:03.374542+00:00
2026-09-06,144D.442.149.2.A.8.91221619,2135236,WST_1a,T1,-1,2,0,0,SCHEDULED,2026-09-05T19:29:03.374542+00:00
2026-09-06,184Z.442.149.2.T.8.91065145,2750512,WST_2c,T1,-1,0,0,,SCHEDULED,2026-09-05T19:29:03.374542+00:00
2026-09-06,184Z.442.149.2.T.8.91065145,2000327,WST_2c,T1,-1,1,0,,SCHEDULED,2026-09-05T19:29:03.374542+00:00
2026-09-06,142K.442.149.2.A.8.91688815,2750511,WST_2c,T1,-1,0,0,0,SCHEDULED,2026-09-05T19:29:03.374542+00:00
2026-09-06,142K.442.149.2.A.8.91688815,2747361,WST_2c,T1,-1,1,0,0,SCHEDULED,2026-09-05T19:29:03.374542+00:00
2026-09-06,142K.442.149.2.A.8.91688815,2747371,WST_2c,T1,-1,2,0,0,SCHEDULED,2026-09-05T19:29:03.374542+00:00
2026-09-06,144E.442.149.2.A.8.91277829,2750511,WST_2c,T1,-1,0,0,0,SCHEDULED,2026-09-05T19:29:03.374542+00:00
2026-09-06,144E.442.149.2.A.8.91277829,2747361,WST_2c,T1,-1,1,0,0,SCHEDULED,2026-09-05T19:29:03.374542+00:00
2026-09-06,144E.442.149.2.A.8.91277829,2747371,WST_2c,T1,-1,2,0,0,SCHEDULED,2026-09-05T19:29:03.374542+00:00
2026-09-06,137G.442.149.2.A.8.91065544,2750511,WST_2c,T1,-1,0,0,0,SCHEDULED,2026-09-05T19:29:03.374542+00:00
2026-09-06,137G.442.149.2.A.8.91065544,2747361,WST_2c,T1,-1,1,0,0,SCHEDULED,2026-09-05T19:29:03.374542+00:00
2026-09-06,137G.442.149.2.A.8.91065544,2747371,WST_2c,T1,-1,2,0,0,SCHEDULED,2026-09-05T19:29:03.374542+00:00
2026-09-06,101L.442.149.2.T.8.91685615,2750511,WST_2c,T1,-1,0,0,0,SCHEDULED,2026-09-05T19:29:03.374542+00:00
2026-09-06,101L.442.149.2.T.8.91685615,2747361,WST_2c,T1,-1,1,0,0,SCHEDULED,2026-09-05T19:29:03.374542+00:00
2026-09-06,101L.442.149.2.T.8.91685615,2747371,WST_2c,T1,-1,2,0,0,SCHEDULED,2026-09-05T19:29:03.374542+00:00
2026-09-06,139F.442.149.2.A.8.91318115,2000338,WST_1a,T1,-1,0,0,0,SCHEDULED,2026-09-05T19:29:03.374542+00:00
2026-09-06,139F.442.149.2.A.8.91318115,2015134,WST_1a,T1,-1,1,0,0,SCHEDULED,2026-09-05T19:29:03.374542+00:00
2026-09-06,139F.442.149.2.A.8.91318115,2135236,WST_1a,T1,-1,2,0,0,SCHEDULED,2026-09-05T19:29:03.374542+00:00
2026-09-06,104J.442.149.2.T.8.91287472,2000338,WST_1a,T1,-1,0,0,0,SCHEDULED,2026-09-05T19:29:03.374542+00:00
2026-09-06,104J.442.149.2.T.8.91287472,2015134,WST_1a,T1,-1,1,0,0,SCHEDULED,2026-09-05T19:29:03.374542+00:00
2026-09-06,104J.442.149.2.T.8.91287472,2135236,WST_1a,T1,-1,2,0,0,SCHEDULED,2026-09-05T19:29:03.374542+00:00
2026-09-06,101H.442.149.2.T.8.91064576,2000336,NSN_1a,T1,-1,0,0,0,SCHEDULED,2026-09-05T19:29:03.374542+00:00
2026-09-06,101H.442.149.2.T.8.91064576,2000393,NSN_1a,T1,-1,1,0,0,SCHEDULED,2026-09-05T19:29:03.374542+00:00
2026-09-06,101H.442.149.2.T.8.91064576,2000404,NSN_1a,T1,-1,2,0,0,SCHEDULED,2026-09-05T19:29:03.374542+00:00
2026-09-06,174Z.442.149.2.A.8.91064981,2000403,NSN_1a,T1,-1,0,0,,SCHEDULED,2026-09-05T19:29:03.374542+00:00
2026-09-06,174Z.442.149.2.A.8.91064981,2060103,NSN_1a,T1,-1,1,0,,SCHEDULED,2026-09-05T19:29:03.374542+00:00
2026-09-06,133K.442.149.2.A.8.91066184,2000336,NSN_1a,T1,-1,0,0,0,SCHEDULED,2026-09-05T19:29:03.374542+00:00
2026-09-06,133K.442.149.2.A.8.91066184,2000393,NSN_1a,T1,-1,1,0,0,SCHEDULED,2026-09-05T19:29:03.374542+00:00
2026-09-06,133K.442.149.2.A.8.91066184,2000404,NSN_1a,T1,-1,2,0,0,SCHEDULED,2026-09-05T19:29:03.374542+00:00
2026-09-06,138G.442.149.2.A.8.91066306,2750512,WST_2c,T1,-1,0,0,0,SCHEDULED,2026-09-05T19:29:03.374542+00:00
2026-09-06,138G.442.149.2.A.8.91066306,2747361,WST_2c,T1,-1,1,0,0,SCHEDULED,2026-09-05T19:29:03.374542+00:00
2026-09-06,138G.442.149.2.A.8.91066306,2747371,WST_2c,T1,-1,2,0,0,SCHEDULED,2026-09-05T19:29:03.374542+00:00
2026-09-06,137M.442.149.2.A.8.91065521,2000336,NSN_1a,T1,-1,0,0,0,SCHEDULED,2026-09-05T19:29:03.374542+00:00
2026-09-06,137M.442.149.2.A.8.91065521,2000393,NSN_1a,T1,-1,1,0,0,SCHEDULED,2026-09-05T19:29:03.374542+00:00
2026-09-06,137M.442.149.2.A.8.91065521,2000404,NSN_1a,T1,-1,2,0,0,SCHEDULED,2026-09-05T19:29:03.374542+00:00
2026-09-06,133M.442.149.2.A.8.91684692,2000338,WST_1a,T1,-1,0,0,0,SCHEDULED,2026-09-05T19:29:03.374542+00:00
2026-09-06,133M.442.149.2.A.8.91684692,2015134,WST_1a,T1,-1,1,0,0,SCHEDULED,2026-09-05T19:29:03.374542+00:00
2026-09-06,133M.442.149.2.A.8.91684692,2135236,WST_1a,T1,-1,2,0,0,SCHEDULED,2026-09-05T19:29:03.374542+00:00
2026-09-06,144J.442.149.2.A.8.91550600,2750511,WST_2c,T1,-1,0,0,0,SCHEDULED,2026-09-05T19:29:03.374542+00:00
2026-09-06,144J.442.149.2.A.8.91550600,2747361,WST_2c,T1,-1,1,0,0,SCHEDULED,2026-09-05T19:29:03.374542+00:00
2026-09-06,144J.442.149.2.A.8.91550600,2747371,WST_2c,T1,-1,2,0,0,SCHEDULED,2026-09-05T19:29:03.374542+00:00
2026-09-06,143G.442.149.2.A.8.91278108,2750511,WST_2c,T1,-1,0,0,0,SCHEDULED,2026-09-05T19:29:03.374542+00:00
2026-09-06,143G.442.149.2.A.8.91278108,2747361,WST_2c,T1,-1,1,0,0,SCHEDULED,2026-09-05T19:29:03.374542+00:00
2026-09-06,143G.442.149.2.A.8.91278108,2747371,WST_2c,T1,-1,2,0,0,SCHEDULED,2026-09-05T19:29:03.374542+00:00
2026-09-06,195E.442.149.2.B.8.91287761,2750512,WST_2c,T1,-1,0,0,0,SCHEDULED,2026-09-05T19:29:03.374542+00:00
2026-09-06,195E.442.149.2.B.8.91287761,2747361,WST_2c,T1,-1,1,0,0,SCHEDULED,2026-09-05T19:29:03.374542+00:00
2026-09-06,195E.442.149.2.B.8.91287761,2747371,WST_2c,T1,-1,2,0,0,SCHEDULED,2026-09-05T19:29:03.374542+00:00
2026-09-06,137B.442.149.2.A.8.91066949,2141314,WST_1a,T1,-1,3,0,0,SCHEDULED,2026-09-05T19:29:03.374542+00:00
2026-09-06,137B.442.149.2.A.8.91066949,2144244,WST_1a,T1,-1,4,0,0,SCHEDULED,2026-09-05T19:29:03.374542+00:00
2026-09-06,137B.442.149.2.A.8.91066949,2142315,WST_1a,T1,-1,5,0,0,SCHEDULED,2026-09-05T19:29:03.374542+00:00
2026-09-06,101K.442.149.2.T.8.91684479,2000338,WST_1a,T1,-1,0,0,0,SCHEDULED,2026-09-05T19:29:03.374542+00:00
2026-09-06,101K.442.149.2.T.8.91684479,2015134,WST_1a,T1,-1,1,0,0,SCHEDULED,2026-09-05T19:29:03.374542+00:00
2026-09-06,101K.442.149.2.T.8.91684479,2135236,WST_1a,T1,-1,2,0,0,SCHEDULED,2026-09-05T19:29:03.374542+00:00
2026-09-06,196P.442.149.2.B.8.91067330,2750511,WST_2c,T1,-1,0,0,0,SCHEDULED,2026-09-05T19:29:03.374542+00:00
2026-09-06,196P.442.149.2.B.8.91067330,2747361,WST_2c,T1,-1,1,0,0,SCHEDULED,2026-09-05T19:29:03.374542+00:00
2026-09-06,196P.442.149.2.B.8.91067330,2747371,WST_2c,T1,-1,2,0,0,SCHEDULED,2026-09-05T19:29:03.374542+00:00
2026-09-06,137H.442.149.2.A.8.91065546,2000336,NSN_1a,T1,-1,0,0,0,SCHEDULED,2026-09-05T19:29:03.374542+00:00
2026-09-06,137H.442.149.2.A.8.91065546,2000393,NSN_1a,T1,-1,1,0,0,SCHEDULED,2026-09-05T19:29:03.374542+00:00
2026-09-06,137H.442.149.2.A.8.91065546,2000404,NSN_1a,T1,-1,2,0,0,SCHEDULED,2026-09-05T19:29:03.374542+00:00
2026-09-06,121B.442.149.2.A.8.91065974,2067144,NSN_1a,T1,-1,9,0,0,SCHEDULED,2026-09-05T19:29:03.374542+00:00
2026-09-06,121B.442.149.2.A.8.91065974,2069132,NSN_1a,T1,-1,10,0,0,SCHEDULED,2026-09-05T19:29:03.374542+00:00
2026-09-06,121B.442.149.2.A.8.91065974,2070143,NSN_1a,T1,-1,11,0,0,SCHEDULED,2026-09-05T19:29:03.374542+00:00
2026-09-06,147K.442.149.2.A.8.91066483,2000336,NSN_1a,T1,-1,0,0,0,SCHEDULED,2026-09-05T19:29:03.374542+00:00
2026-09-06,147K.442.149.2.A.8.91066483,2000393,NSN_1a,T1,-1,1,0,0,SCHEDULED,2026-09-05T19:29:03.374542+00:00
2026-09-06,147K.442.149.2.A.8.91066483,2000404,NSN_1a,T1,-1,2,0,0,SCHEDULED,2026-09-05T19:29:03.374542+00:00
2026-09-06,103M.442.149.2.T.8.91065770,2000336,NSN_1a,T1,-1,0,0,0,SCHEDULED,2026-09-05T19:29:03.374542+00:00
2026-09-06,103M.442.149.2.T.8.91065770,2000393,NSN_1a,T1,-1,1,0,0,SCHEDULED,2026-09-05T19:29:03.374542+00:00
2026-09-06,103M.442.149.2.T.8.91065770,2000404,NSN_1a,T1,-1,2,0,0,SCHEDULED,2026-09-05T19:29:03.374542+00:00
2026-09-06,146L.442.149.2.A.8.91065982,2000336,NSN_1a,T1,-1,0,0,0,SCHEDULED,2026-09-05T19:29:03.374542+00:00
2026-09-06,146L.442.149.2.A.8.91065982,2000393,NSN_1a,T1,-1,1,0,0,SCHEDULED,2026-09-05T19:29:03.374542+00:00
2026-09-06,146L.442.149.2.A.8.91065982,2000404,NSN_1a,T1,-1,2,0,0,SCHEDULED,2026-09-05T19:29:03.374542+00:00
2026-09-06,196F.442.149.2.B.8.91235652,2750511,WST_2c,T1,-1,0,0,0,SCHEDULED,2026-09-05T19:29:03.374542+00:00
2026-09-06,196F.442.149.2.B.8.91235652,2747361,WST_2c,T1,-1,1,0,0,SCHEDULED,2026-09-05T19:29:03.374542+00:00
2026-09-06,196F.442.149.2.B.8.91235652,2747371,WST_2c,T1,-1,2,0,0,SCHEDULED,2026-09-05T19:29:03.374542+00:00
2026-09-06,103F.442.149.2.T.8.91235663,2000338,WST_1a,T1,-1,0,0,0,SCHEDULED,2026-09-05T19:29:03.374542+00:00
2026-09-06,103F.442.149.2.T.8.91235663,2015134,WST_1a,T1,-1,1,0,0,SCHEDULED,2026-09-05T19:29:03.374542+00:00
2026-09-06,103F.442.149.2.T.8.91235663,2135236,WST_1a,T1,-1,2,0,0,SCHEDULED,2026-09-05T19:29:03.374542+00:00
2026-09-06,147E.442.149.2.A.8.91318054,2750511,WST_2c,T1,-1,0,0,0,SCHEDULED,2026-09-05T19:29:03.374542+00:00
2026-09-06,147E.442.149.2.A.8.91318054,2747361,WST_2c,T1,-1,1,0,0,SCHEDULED,2026-09-05T19:29:03.374542+00:00
2026-09-06,147E.442.149.2.A.8.91318054,2747371,WST_2c,T1,-1,2,0,0,SCHEDULED,2026-09-05T19:29:03.374542+00:00
2026-09-06,138H.442.149.2.A.8.91067094,2000336,NSN_1a,T1,-1,0,0,0,SCHEDULED,2026-09-05T19:29:03.374542+00:00
2026-09-06,138H.442.149.2.A.8.91067094,2000393,NSN_1a,T1,-1,1,0,0,SCHEDULED,2026-09-05T19:29:03.374542+00:00
2026-09-06,138H.442.149.2.A.8.91067094,2000404,NSN_1a,T1,-1,2,0,0,SCHEDULED,2026-09-05T19:29:03.374542+00:00
2026-09-06,133E.442.149.2.A.8.91235605,2750511,WST_2c,T1,-1,0,0,0,SCHEDULED,2026-09-05T19:29:03.374542+00:00
2026-09-06,133E.442.149.2.A.8.91235605,2747361,WST_2c,T1,-1,1,0,0,SCHEDULED,2026-09-05T19:29:03.374542+00:00
2026-09-06,133E.442.149.2.A.8.91235605,2747371,WST_2c,T1,-1,2,0,0,SCHEDULED,2026-09-05T19:29:03.374542+00:00
2026-09-06,142N.442.149.2.A.8.91685634,2000338,WST_1a,T1,-1,0,0,0,SCHEDULED,2026-09-05T19:29:03.374542+00:00
2026-09-06,142N.442.149.2.A.8.91685634,2015134,WST_1a,T1,-1,1,0,0,SCHEDULED,2026-09-05T19:29:03.374542+00:00
2026-09-06,142N.442.149.2.A.8.91685634,2135236,WST_1a,T1,-1,2,0,0,SCHEDULED,2026-09-05T19:29:03.374542+00:00
2026-09-06,143L.442.149.2.A.8.91696684,2750511,WST_2c,T1,-1,0,0,0,SCHEDULED,2026-09-05T19:29:03.374542+00:00
2026-09-06,143L.442.149.2.A.8.91696684,2747361,WST_2c,T1,-1,1,0,0,SCHEDULED,2026-09-05T19:29:03.374542+00:00
2026-09-06,143L.442.149.2.A.8.91696684,2747371,WST_2c,T1,-1,2,0,0,SCHEDULED,2026-09-05T19:29:03.374542+00:00
2026-09-06,147J.442.149.2.A.8.91066481,2750511,WST_2c,T1,-1,0,0,0,SCHEDULED,2026-09-05T19:29:03.374542+00:00
2026-09-06,147J.442.149.2.A.8.91066481,2747361,WST_2c,T1,-1,1,0,0,SCHEDULED,2026-09-05T19:29:03.374542+00:00
2026-09-06,147J.442.149.2.A.8.91066481,2747371,WST_2c,T1,-1,2,0,0,SCHEDULED,2026-09-05T19:29:03.374542+00:00
2026-09-06,133F.442.149.2.A.8.91235610,2000336,NSN_1a,T1,-1,0,0,0,SCHEDULED,2026-09-05T19:29:03.374542+00:00
2026-09-06,133F.442.149.2.A.8.91235610,2000393,NSN_1a,T1,-1,1,0,0,SCHEDULED,2026-09-05T19:29:03.374542+00:00
2026-09-06,133F.442.149.2.A.8.91235610,2000404,NSN_1a,T1,-1,2,0,0,SCHEDULED,2026-09-05T19:29:03.374542+00:00
2026-09-06,144F.442.149.2.A.8.91283203,2000336,NSN_1a,T1,-1,0,0,0,SCHEDULED,2026-09-05T19:29:03.374542+00:00
2026-09-06,144F.442.149.2.A.8.91283203,2000393,NSN_1a,T1,-1,1,0,0,SCHEDULED,2026-09-05T19:29:03.374542+00:00
2026-09-06,144F.442.149.2.A.8.91283203,2000404,NSN_1a,T1,-1,2,0,0,SCHEDULED,2026-09-05T19:29:03.374542+00:00
2026-09-06,143F.442.149.2.A.8.91221629,2000338,WST_1a,T1,-1,0,0,0,SCHEDULED,2026-09-05T19:29:03.374542+00:00
2026-09-06,143F.442.149.2.A.8.91221629,2015134,WST_1a,T1,-1,1,0,0,SCHEDULED,2026-09-05T19:29:03.374542+00:00
2026-09-06,143F.442.149.2.A.8.91221629,2135236,WST_1a,T1,-1,2,0,0,SCHEDULED,2026-09-05T19:29:03.374542+00:00
2026-09-06,144A.442.149.2.A.8.91065237,2135232,WST_2c,T1,-1,18,251,221,SCHEDULED,2026-09-05T19:29:03.374542+00:00
2026-09-06,144A.442.149.2.A.8.91065237,2015133,WST_2c,T1,-1,19,221,221,SCHEDULED,2026-09-05T19:29:03.374542+00:00
2026-09-06,144A.442.149.2.A.8.91065237,2000336,WST_2c,T1,-1,20,221,,SCHEDULED,2026-09-05T19:29:03.374542+00:00
2026-09-06,146K.442.149.2.A.8.91065980,2750511,WST_2c,T1,-1,0,0,0,SCHEDULED,2026-09-05T19:29:03.374542+00:00
2026-09-06,146K.442.149.2.A.8.91065980,2747361,WST_2c,T1,-1,1,0,0,SCHEDULED,2026-09-05T19:29:03.374542+00:00
2026-09-06,146K.442.149.2.A.8.91065980,2747371,WST_2c,T1,-1,2,0,0,SCHEDULED,2026-09-05T19:29:03.374542+00:00
